{"cameraMode":{"drawMode":0,"name":"Shaded","section":"Shading Mode"},"sceneLighting":false,"audioPlay":false,"sceneViewState":{"m_AlwaysRefresh":false,"showFog":true,"showSkybox":false,"showFlares":true,"showImageEffects":true,"showParticleSystems":true,"showVisualEffectGraphs":true,"m_FxEnabled":true},"in2DMode":false,"pivot":{"x":7.000000953674316,"y":0.873903751373291,"z":6.977153778076172},"rotation":{"x":0.008510107174515725,"y":-0.9855471253395081,"z":-0.052085891366004947,"w":-0.1610751450061798},"size":1.1856101751327515,"orthographic":false}