{"cameraMode":{"drawMode":0,"name":"Shaded","section":"Shading Mode"},"sceneLighting":false,"audioPlay":false,"sceneViewState":{"m_AlwaysRefresh":false,"showFog":true,"showSkybox":false,"showFlares":true,"showImageEffects":true,"showParticleSystems":true,"showVisualEffectGraphs":true,"m_FxEnabled":true},"in2DMode":false,"pivot":{"x":7.087006568908691,"y":0.6120137572288513,"z":8.490818977355957},"rotation":{"x":-0.0001497613702667877,"y":0.9998341202735901,"z":-0.015598710626363755,"w":-0.009598692879080773},"size":0.9014776945114136,"orthographic":false}