{"cameraMode":{"drawMode":0,"name":"Shaded","section":"Shading Mode"},"sceneLighting":false,"audioPlay":false,"sceneViewState":{"m_AlwaysRefresh":false,"showFog":true,"showSkybox":false,"showFlares":true,"showImageEffects":true,"showParticleSystems":true,"showVisualEffectGraphs":true,"m_FxEnabled":true},"in2DMode":false,"pivot":{"x":11.932887077331543,"y":1.5615346431732178,"z":10.833715438842774},"rotation":{"x":-0.0049197315238416199,"y":0.40147578716278078,"z":0.0022051960695534946,"w":0.9159471392631531},"size":10.090217590332032,"orthographic":false}