{"cameraMode":{"drawMode":0,"name":"Shaded","section":"Shading Mode"},"sceneLighting":false,"audioPlay":false,"sceneViewState":{"m_AlwaysRefresh":false,"showFog":true,"showSkybox":false,"showFlares":true,"showImageEffects":true,"showParticleSystems":true,"showVisualEffectGraphs":true,"m_FxEnabled":true},"in2DMode":false,"pivot":{"x":-5.277932167053223,"y":2.361582040786743,"z":15.569366455078125},"rotation":{"x":-0.024543801322579385,"y":-0.0632484033703804,"z":-0.0015134193236008287,"w":0.9977824091911316},"size":10.090217590332032,"orthographic":false}