{"cameraMode":{"drawMode":0,"name":"Shaded","section":"Shading Mode"},"sceneLighting":false,"audioPlay":false,"sceneViewState":{"m_AlwaysRefresh":false,"showFog":true,"showSkybox":false,"showFlares":true,"showImageEffects":true,"showParticleSystems":true,"showVisualEffectGraphs":true,"m_FxEnabled":true},"in2DMode":false,"pivot":{"x":1.3048012256622315,"y":1.9289309978485108,"z":14.974420547485352},"rotation":{"x":-0.014991515316069126,"y":-0.002103854902088642,"z":0.000011348604857630562,"w":0.9999717473983765},"size":10.090217590332032,"orthographic":false}